request_id,request_commentary,request_date,request_status,admin_id,meal_id
1,Integer tincidunt ante vel ipsum.,2020-06-17 04:06:08,0,3,297
2,Proin risus.,2020-08-17 23:49:47,0,2,358
3,In eleifend quam a odio.,2020-05-18 19:57:36,1,5,339
4,Nullam porttitor lacus at turpis.,2021-01-16 06:48:20,0,5,110
5,Maecenas rhoncus aliquam lacus.,2020-12-20 04:15:21,0,5,274
6,"Cum sociis natoque penatibus et magnis dis parturient montes, nascetur ridiculus mus.",2020-08-11 22:49:47,1,1,449
7,"Nullam orci pede, venenatis non, sodales sed, tincidunt eu, felis.",2021-01-16 20:01:52,0,5,109
8,"Fusce lacus purus, aliquet at, feugiat non, pretium quis, lectus.",2020-09-19 09:18:16,1,2,233
9,"Integer pede justo, lacinia eget, tincidunt eget, tempus vel, pede.",2021-01-27 12:31:03,0,5,116
10,Pellentesque ultrices mattis odio.,2020-11-29 00:52:37,1,4,5
11,Suspendisse accumsan tortor quis turpis.,2020-03-28 07:13:57,0,5,161
12,Duis aliquam convallis nunc.,2021-03-17 07:13:53,0,1,322
13,In hac habitasse platea dictumst.,2020-06-22 22:05:26,1,3,389
14,Curabitur in libero ut massa volutpat convallis.,2020-04-30 02:14:57,0,4,9
15,Vestibulum ante ipsum primis in faucibus orci luctus et ultrices posuere cubilia Curae; Duis faucibus accumsan odio.,2020-06-07 01:38:44,1,2,482
16,Donec posuere metus vitae ipsum.,2020-04-01 19:04:39,1,5,462
17,Nulla mollis molestie lorem.,2020-12-09 07:40:40,1,4,438
18,Curabitur gravida nisi at nibh.,2020-09-05 12:58:40,1,1,306
19,Vivamus tortor.,2020-08-10 19:34:30,0,5,96
20,Morbi non quam nec dui luctus rutrum.,2020-05-15 00:41:53,1,5,24
21,Praesent id massa id nisl venenatis lacinia.,2020-07-03 18:18:07,0,5,341
22,Proin at turpis a pede posuere nonummy.,2021-03-10 23:53:21,1,1,346
23,Cras in purus eu magna vulputate luctus.,2021-01-30 11:58:16,0,1,349
24,"Proin leo odio, porttitor id, consequat in, consequat ut, nulla.",2020-11-15 20:22:54,1,3,343
25,"Cum sociis natoque penatibus et magnis dis parturient montes, nascetur ridiculus mus.",2020-12-07 23:23:20,1,1,423
26,Sed ante.,2021-02-19 02:28:13,1,5,437
27,"Vestibulum quam sapien, varius ut, blandit non, interdum in, ante.",2020-06-25 03:49:17,1,2,400
28,Pellentesque ultrices mattis odio.,2020-11-06 11:13:19,1,5,284
29,Ut tellus.,2020-07-21 11:09:49,1,5,470
30,Mauris ullamcorper purus sit amet nulla.,2020-06-25 00:51:36,1,1,293
31,Donec posuere metus vitae ipsum.,2020-12-06 15:30:38,0,3,351
32,"Vestibulum quam sapien, varius ut, blandit non, interdum in, ante.",2020-08-31 16:47:50,0,1,154
33,Vivamus vel nulla eget eros elementum pellentesque.,2020-09-26 10:24:42,1,5,312
34,Praesent lectus.,2021-01-05 10:30:33,0,1,339
35,"Mauris enim leo, rhoncus sed, vestibulum sit amet, cursus id, turpis.",2020-04-30 07:24:53,0,3,410
36,Pellentesque at nulla.,2020-11-27 11:20:45,1,5,440
37,"Integer pede justo, lacinia eget, tincidunt eget, tempus vel, pede.",2020-07-11 07:33:48,1,5,255
38,"Donec diam neque, vestibulum eget, vulputate ut, ultrices vel, augue.",2020-07-19 21:24:32,1,4,400
39,"In tempor, turpis nec euismod scelerisque, quam turpis adipiscing lorem, vitae mattis nibh ligula nec sem.",2020-04-06 00:42:38,0,4,207
40,In hac habitasse platea dictumst.,2020-07-06 12:49:05,0,5,182
41,"Donec diam neque, vestibulum eget, vulputate ut, ultrices vel, augue.",2020-04-08 07:15:12,0,3,416
42,"Donec diam neque, vestibulum eget, vulputate ut, ultrices vel, augue.",2021-01-12 13:03:15,0,5,341
43,Quisque porta volutpat erat.,2020-03-29 11:33:17,0,5,381
44,Ut tellus.,2021-03-26 08:39:30,0,5,373
45,Donec posuere metus vitae ipsum.,2021-01-10 05:19:05,1,3,332
46,Suspendisse potenti.,2021-03-09 17:21:27,1,3,314
47,Vivamus vestibulum sagittis sapien.,2021-01-09 12:32:23,1,5,194
48,Vivamus vel nulla eget eros elementum pellentesque.,2020-07-23 10:29:58,0,5,62
49,Nullam molestie nibh in lectus.,2020-05-15 21:39:25,0,3,270
50,Aliquam non mauris.,2020-11-29 19:20:34,0,3,326
51,Mauris ullamcorper purus sit amet nulla.,2020-05-10 00:09:07,1,4,365
52,"Cum sociis natoque penatibus et magnis dis parturient montes, nascetur ridiculus mus.",2020-04-03 04:29:08,1,3,2
53,"Nulla neque libero, convallis eget, eleifend luctus, ultricies eu, nibh.",2020-08-23 14:24:22,0,1,98
54,"Cras mi pede, malesuada in, imperdiet et, commodo vulputate, justo.",2020-12-25 18:17:10,1,3,355
55,Nam nulla.,2021-02-03 09:10:56,1,3,497
56,Nulla suscipit ligula in lacus.,2021-03-17 23:40:29,1,5,466
57,Suspendisse accumsan tortor quis turpis.,2020-12-19 13:38:06,0,1,121
58,Etiam faucibus cursus urna.,2020-05-28 22:45:17,0,2,489
59,Sed sagittis.,2020-04-26 02:58:58,1,2,38
60,"Aliquam augue quam, sollicitudin vitae, consectetuer eget, rutrum at, lorem.",2020-10-15 11:03:52,0,2,378
61,In quis justo.,2021-02-20 04:36:12,0,4,285
62,Nunc purus.,2020-12-12 22:15:18,0,4,466
63,Duis consequat dui nec nisi volutpat eleifend.,2020-12-30 20:10:22,0,5,230
64,"Aliquam augue quam, sollicitudin vitae, consectetuer eget, rutrum at, lorem.",2021-02-15 15:03:46,1,1,46
65,In hac habitasse platea dictumst.,2020-08-02 23:07:47,0,2,421
66,Curabitur in libero ut massa volutpat convallis.,2020-10-02 01:01:40,1,5,282
67,Morbi non quam nec dui luctus rutrum.,2020-12-13 02:30:43,1,5,384
68,Nulla ut erat id mauris vulputate elementum.,2020-06-19 20:39:26,0,4,116
69,Maecenas pulvinar lobortis est.,2020-06-11 15:19:22,0,2,35
70,Etiam faucibus cursus urna.,2020-06-06 00:07:39,1,5,418
71,Aliquam quis turpis eget elit sodales scelerisque.,2020-04-18 05:22:39,1,4,146
72,Nulla tempus.,2021-01-08 02:28:18,1,5,314
73,Duis at velit eu est congue elementum.,2020-11-23 19:09:47,1,1,130
74,"Lorem ipsum dolor sit amet, consectetuer adipiscing elit.",2020-12-16 07:21:33,1,4,174
75,Proin interdum mauris non ligula pellentesque ultrices.,2020-05-06 23:26:32,1,4,321
76,Nullam varius.,2020-10-03 02:09:55,0,4,123
77,"Maecenas leo odio, condimentum id, luctus nec, molestie sed, justo.",2021-02-21 21:08:45,1,2,360
78,Curabitur at ipsum ac tellus semper interdum.,2020-12-17 23:04:26,1,4,422
79,Maecenas ut massa quis augue luctus tincidunt.,2021-02-19 03:29:03,0,5,45
80,"Cum sociis natoque penatibus et magnis dis parturient montes, nascetur ridiculus mus.",2021-03-15 00:27:07,1,1,259
81,Vestibulum ac est lacinia nisi venenatis tristique.,2021-01-14 03:25:27,1,3,287
82,"Aliquam augue quam, sollicitudin vitae, consectetuer eget, rutrum at, lorem.",2020-09-22 20:10:26,1,1,327
83,Vestibulum ante ipsum primis in faucibus orci luctus et ultrices posuere cubilia Curae; Nulla dapibus dolor vel est.,2020-10-11 18:02:27,0,5,379
84,Praesent blandit lacinia erat.,2020-04-15 07:01:22,0,4,415
85,"Integer aliquet, massa id lobortis convallis, tortor risus dapibus augue, vel accumsan tellus nisi eu orci.",2021-01-19 16:24:18,0,2,374
86,"Fusce lacus purus, aliquet at, feugiat non, pretium quis, lectus.",2020-09-13 02:42:29,1,5,306
87,Duis aliquam convallis nunc.,2021-02-14 04:48:43,0,3,446
88,Duis aliquam convallis nunc.,2021-02-24 22:01:00,1,3,337
89,Nullam varius.,2020-04-06 19:19:59,0,3,460
90,"Cras mi pede, malesuada in, imperdiet et, commodo vulputate, justo.",2020-06-07 17:46:05,1,4,459
91,Nulla suscipit ligula in lacus.,2020-04-04 11:56:59,1,4,235
92,Praesent id massa id nisl venenatis lacinia.,2021-02-24 04:13:18,1,5,109
93,Curabitur in libero ut massa volutpat convallis.,2020-07-13 17:17:23,1,1,186
94,Nullam sit amet turpis elementum ligula vehicula consequat.,2020-12-31 21:50:15,1,4,222
95,Sed vel enim sit amet nunc viverra dapibus.,2020-08-01 00:54:21,1,4,180
96,Vivamus in felis eu sapien cursus vestibulum.,2021-01-16 21:18:38,0,1,76
97,Etiam faucibus cursus urna.,2021-03-03 11:54:59,0,2,150
98,Duis at velit eu est congue elementum.,2021-01-07 20:13:05,1,4,384
99,Vivamus in felis eu sapien cursus vestibulum.,2020-04-20 21:01:01,1,5,412
100,Aliquam quis turpis eget elit sodales scelerisque.,2021-01-20 03:37:17,0,1,96
101,Mauris sit amet eros.,2020-09-25 16:21:40,1,4,22
102,"Duis bibendum, felis sed interdum venenatis, turpis enim blandit mi, in porttitor pede justo eu massa.",2020-04-23 10:31:06,0,3,294
103,Integer tincidunt ante vel ipsum.,2020-08-10 18:04:32,1,5,249
104,Duis ac nibh.,2021-03-12 14:38:43,0,5,77
105,"Donec diam neque, vestibulum eget, vulputate ut, ultrices vel, augue.",2020-06-28 22:10:45,1,5,179
106,"In est risus, auctor sed, tristique in, tempus sit amet, sem.",2021-01-20 20:39:39,1,4,336
107,Curabitur gravida nisi at nibh.,2020-09-30 08:36:36,0,3,307
108,Donec ut mauris eget massa tempor convallis.,2021-03-15 16:27:39,1,1,146
109,Nulla ut erat id mauris vulputate elementum.,2020-08-08 21:46:28,1,4,131
110,Vestibulum ante ipsum primis in faucibus orci luctus et ultrices posuere cubilia Curae; Nulla dapibus dolor vel est.,2020-05-02 09:45:59,0,5,424
111,Nulla nisl.,2021-03-08 14:51:50,1,2,478
112,Nam dui.,2021-02-14 10:50:16,0,1,213
113,Donec posuere metus vitae ipsum.,2021-02-17 14:47:51,0,5,83
114,"Vestibulum ante ipsum primis in faucibus orci luctus et ultrices posuere cubilia Curae; Donec pharetra, magna vestibulum aliquet ultrices, erat tortor sollicitudin mi, sit amet lobortis sapien sapien non mi.",2021-01-15 02:06:56,0,1,96
115,Duis mattis egestas metus.,2020-09-05 11:47:11,1,1,183
116,"In est risus, auctor sed, tristique in, tempus sit amet, sem.",2020-10-23 11:22:24,1,2,178
117,Mauris sit amet eros.,2021-01-17 00:35:52,1,3,454
118,Aliquam quis turpis eget elit sodales scelerisque.,2020-12-14 05:36:23,1,5,424
119,Proin at turpis a pede posuere nonummy.,2020-06-04 14:35:13,0,1,12
120,Vivamus vel nulla eget eros elementum pellentesque.,2020-05-20 23:21:28,1,4,19
121,Curabitur gravida nisi at nibh.,2020-10-17 16:26:16,0,1,415
122,Aliquam non mauris.,2021-02-11 04:33:15,0,4,70
123,Pellentesque ultrices mattis odio.,2021-01-23 07:47:14,0,5,154
124,"Nulla neque libero, convallis eget, eleifend luctus, ultricies eu, nibh.",2021-01-26 04:24:20,1,3,170
125,Praesent lectus.,2020-04-10 21:32:36,0,1,102
126,Nullam porttitor lacus at turpis.,2020-05-01 11:43:24,0,3,453
127,Morbi non quam nec dui luctus rutrum.,2021-02-28 21:30:45,1,2,182
128,Duis at velit eu est congue elementum.,2020-11-29 23:29:30,1,5,281
129,Donec ut mauris eget massa tempor convallis.,2020-08-13 09:48:14,1,5,358
130,"Cum sociis natoque penatibus et magnis dis parturient montes, nascetur ridiculus mus.",2021-02-12 04:21:38,1,5,482
131,Donec quis orci eget orci vehicula condimentum.,2020-06-20 00:29:48,1,2,15
132,"Lorem ipsum dolor sit amet, consectetuer adipiscing elit.",2020-10-20 07:31:30,1,1,248
133,Etiam pretium iaculis justo.,2020-05-07 14:27:59,0,4,21
134,"Cum sociis natoque penatibus et magnis dis parturient montes, nascetur ridiculus mus.",2020-04-22 22:56:11,0,4,28
135,Morbi non lectus.,2020-09-14 03:34:14,1,1,45
136,Pellentesque at nulla.,2020-07-03 07:41:05,1,2,123
137,Etiam justo.,2020-11-26 09:04:24,1,5,236
138,Donec dapibus.,2020-05-03 10:59:32,1,5,112
139,Nullam molestie nibh in lectus.,2020-07-11 12:11:30,0,5,408
140,Nulla ac enim.,2020-11-12 18:57:02,1,2,436
141,Integer a nibh.,2020-04-08 05:29:36,0,5,94
142,"Quisque arcu libero, rutrum ac, lobortis vel, dapibus at, diam.",2020-07-20 14:24:07,0,3,106
143,Sed accumsan felis.,2020-09-27 17:39:28,1,1,452
144,Aenean fermentum.,2021-03-22 07:57:33,1,1,336
145,Nulla tellus.,2020-12-21 16:51:09,0,3,390
146,"Quisque erat eros, viverra eget, congue eget, semper rutrum, nulla.",2020-04-05 13:02:42,0,2,203
147,"Aliquam augue quam, sollicitudin vitae, consectetuer eget, rutrum at, lorem.",2020-05-04 21:17:58,1,3,27
148,Phasellus in felis.,2021-01-10 06:12:15,0,1,497
149,Nunc nisl.,2020-03-28 14:29:19,1,1,365
150,Nulla mollis molestie lorem.,2021-01-18 16:49:02,0,5,463
151,Nullam sit amet turpis elementum ligula vehicula consequat.,2020-04-19 23:12:43,1,3,79
152,"Nullam orci pede, venenatis non, sodales sed, tincidunt eu, felis.",2020-12-09 16:17:44,1,4,357
153,"Aliquam augue quam, sollicitudin vitae, consectetuer eget, rutrum at, lorem.",2020-09-21 09:49:16,1,4,316
154,Aliquam non mauris.,2020-04-03 03:56:03,1,4,90
155,Fusce posuere felis sed lacus.,2021-03-12 06:39:38,1,1,437
156,Morbi quis tortor id nulla ultrices aliquet.,2020-08-05 14:23:11,1,1,265
157,Sed accumsan felis.,2020-12-25 03:11:57,1,5,400
158,In blandit ultrices enim.,2020-04-11 17:02:47,0,1,266
159,Sed ante.,2021-02-10 23:38:27,0,1,8
160,Donec vitae nisi.,2020-04-23 01:15:57,0,1,338
161,Nam nulla.,2020-04-01 04:38:32,0,1,134
162,"Nam congue, risus semper porta volutpat, quam pede lobortis ligula, sit amet eleifend pede libero quis orci.",2021-02-09 17:10:47,1,3,367
163,Morbi ut odio.,2020-12-08 06:51:34,1,1,413
164,"Nulla neque libero, convallis eget, eleifend luctus, ultricies eu, nibh.",2021-02-08 23:59:13,0,4,343
165,Etiam pretium iaculis justo.,2020-05-17 20:23:53,1,2,35
166,Phasellus sit amet erat.,2020-05-23 10:36:21,0,1,370
167,Nulla mollis molestie lorem.,2020-10-29 01:53:34,0,1,115
168,"Nulla neque libero, convallis eget, eleifend luctus, ultricies eu, nibh.",2020-09-04 21:20:43,1,1,1
169,Pellentesque at nulla.,2020-03-28 15:01:24,1,3,175
170,Donec ut mauris eget massa tempor convallis.,2020-11-07 04:24:49,0,3,324
171,Morbi vel lectus in quam fringilla rhoncus.,2020-04-12 17:11:22,1,4,153
172,Nunc purus.,2020-10-06 18:41:12,1,5,476
173,Morbi non lectus.,2021-03-17 14:37:05,1,3,151
174,"Vestibulum quam sapien, varius ut, blandit non, interdum in, ante.",2020-09-05 19:12:59,1,1,125
175,Suspendisse potenti.,2021-02-12 20:49:23,0,3,270
176,Morbi a ipsum.,2020-12-21 06:59:07,0,3,132
177,Vivamus vel nulla eget eros elementum pellentesque.,2020-04-16 14:15:55,0,3,494
178,Nunc rhoncus dui vel sem.,2020-07-07 16:02:58,1,4,100
179,"Quisque erat eros, viverra eget, congue eget, semper rutrum, nulla.",2020-05-26 01:55:34,0,5,452
180,Mauris sit amet eros.,2020-05-14 23:31:40,0,3,224
181,Proin interdum mauris non ligula pellentesque ultrices.,2020-12-02 01:32:43,0,3,475
182,"Nam ultrices, libero non mattis pulvinar, nulla pede ullamcorper augue, a suscipit nulla elit ac nulla.",2020-11-14 09:35:36,0,2,241
183,"Morbi sem mauris, laoreet ut, rhoncus aliquet, pulvinar sed, nisl.",2020-06-09 06:52:33,1,4,211
184,Nulla mollis molestie lorem.,2020-04-12 10:21:55,1,1,317
185,Proin eu mi.,2020-06-29 11:07:54,0,5,275
186,Curabitur gravida nisi at nibh.,2020-05-12 16:47:35,1,1,10
187,"Donec diam neque, vestibulum eget, vulputate ut, ultrices vel, augue.",2020-05-13 05:03:24,1,3,460
188,Praesent blandit.,2020-07-22 01:49:56,1,4,344
189,"Aliquam augue quam, sollicitudin vitae, consectetuer eget, rutrum at, lorem.",2020-07-08 04:14:28,0,5,498
190,"Nam ultrices, libero non mattis pulvinar, nulla pede ullamcorper augue, a suscipit nulla elit ac nulla.",2020-04-20 23:44:12,0,1,129
191,"Donec odio justo, sollicitudin ut, suscipit a, feugiat et, eros.",2020-05-19 04:44:18,0,4,143
192,Pellentesque eget nunc.,2020-06-09 23:05:07,0,5,189
193,"Nullam orci pede, venenatis non, sodales sed, tincidunt eu, felis.",2020-06-09 11:05:29,0,4,396
194,Praesent lectus.,2021-01-21 13:51:11,1,1,340
195,In hac habitasse platea dictumst.,2021-01-28 16:06:18,0,2,159
196,Proin interdum mauris non ligula pellentesque ultrices.,2020-05-19 14:50:35,0,5,378
197,Ut tellus.,2020-06-28 22:55:34,1,3,74
198,Donec ut mauris eget massa tempor convallis.,2020-07-10 00:07:22,1,2,119
199,"Duis bibendum, felis sed interdum venenatis, turpis enim blandit mi, in porttitor pede justo eu massa.",2020-05-30 00:27:05,1,1,308
200,Sed sagittis.,2021-01-07 14:49:16,0,3,107
201,"Vestibulum ante ipsum primis in faucibus orci luctus et ultrices posuere cubilia Curae; Donec pharetra, magna vestibulum aliquet ultrices, erat tortor sollicitudin mi, sit amet lobortis sapien sapien non mi.",2020-11-01 20:13:11,1,5,126
202,Suspendisse accumsan tortor quis turpis.,2020-11-12 13:58:16,0,3,128
203,Pellentesque viverra pede ac diam.,2021-01-03 03:07:35,0,4,274
204,Integer non velit.,2021-02-17 00:30:42,0,1,322
205,Nunc nisl.,2020-05-28 06:50:25,0,2,416
206,"Quisque arcu libero, rutrum ac, lobortis vel, dapibus at, diam.",2021-03-14 17:27:13,1,5,102
207,Integer a nibh.,2020-07-25 18:12:14,1,3,131
208,"Proin leo odio, porttitor id, consequat in, consequat ut, nulla.",2020-04-19 12:34:10,0,1,203
209,Duis at velit eu est congue elementum.,2020-12-16 10:48:10,1,1,407
210,Nulla suscipit ligula in lacus.,2020-11-03 23:55:42,0,3,159
211,In hac habitasse platea dictumst.,2020-04-07 10:06:33,0,3,150
212,In eleifend quam a odio.,2020-07-20 07:46:10,1,3,390
213,"Vivamus metus arcu, adipiscing molestie, hendrerit at, vulputate vitae, nisl.",2020-06-22 17:06:24,0,2,170
214,Morbi porttitor lorem id ligula.,2021-02-06 17:55:44,1,5,255
215,Aenean sit amet justo.,2020-06-10 09:26:00,0,1,18
216,Nulla nisl.,2020-10-07 19:15:43,1,1,296
217,Aenean lectus.,2020-08-20 03:56:36,1,4,303
218,Nulla tempus.,2020-12-18 13:31:45,1,3,45
219,Suspendisse potenti.,2020-08-19 23:06:21,1,3,109
220,"Cras mi pede, malesuada in, imperdiet et, commodo vulputate, justo.",2021-03-01 01:02:59,1,4,7
221,Nam nulla.,2020-07-02 13:04:57,1,4,497
222,Pellentesque eget nunc.,2020-08-22 14:39:02,0,1,375
223,Fusce posuere felis sed lacus.,2020-06-18 00:29:26,1,4,191
224,Proin interdum mauris non ligula pellentesque ultrices.,2020-10-08 16:11:55,1,5,369
225,"Duis bibendum, felis sed interdum venenatis, turpis enim blandit mi, in porttitor pede justo eu massa.",2020-10-07 02:18:16,1,3,391
226,"Mauris enim leo, rhoncus sed, vestibulum sit amet, cursus id, turpis.",2020-12-24 19:03:38,1,3,73
227,Etiam justo.,2020-04-30 18:47:27,1,4,319
228,Quisque ut erat.,2021-02-16 21:57:11,0,1,15
229,Morbi ut odio.,2020-04-07 23:30:52,1,3,29
230,Integer a nibh.,2020-11-02 20:38:16,1,2,81
231,In eleifend quam a odio.,2020-09-29 15:36:18,0,3,194
232,"Fusce lacus purus, aliquet at, feugiat non, pretium quis, lectus.",2021-02-22 23:29:24,1,4,312
233,Aenean sit amet justo.,2020-04-29 05:48:12,0,4,22
234,Nullam porttitor lacus at turpis.,2020-04-21 20:25:05,1,2,95
235,Nullam molestie nibh in lectus.,2020-10-27 10:34:31,0,4,318
236,Pellentesque viverra pede ac diam.,2020-09-16 14:40:42,0,5,11
237,Nullam molestie nibh in lectus.,2021-03-27 14:00:33,0,4,256
238,"Maecenas leo odio, condimentum id, luctus nec, molestie sed, justo.",2020-05-19 17:49:36,1,1,408
239,Nulla ut erat id mauris vulputate elementum.,2020-10-02 07:32:39,1,4,32
240,Mauris ullamcorper purus sit amet nulla.,2020-08-18 22:19:50,0,4,127
241,"Vestibulum quam sapien, varius ut, blandit non, interdum in, ante.",2020-05-23 12:17:56,0,1,491
242,Nulla suscipit ligula in lacus.,2020-04-25 05:49:58,0,2,361
243,Suspendisse potenti.,2020-10-10 01:14:23,0,1,29
244,Cras pellentesque volutpat dui.,2020-04-06 13:36:29,0,3,433
245,Nulla suscipit ligula in lacus.,2020-12-14 05:02:55,1,3,82
246,Donec quis orci eget orci vehicula condimentum.,2020-03-28 22:21:20,1,1,420
247,Etiam faucibus cursus urna.,2020-11-11 15:11:27,1,1,360
248,Ut tellus.,2020-09-22 03:03:45,0,4,265
249,Vestibulum ante ipsum primis in faucibus orci luctus et ultrices posuere cubilia Curae; Mauris viverra diam vitae quam.,2021-03-27 01:34:04,1,1,410
250,Phasellus in felis.,2020-08-29 10:10:35,0,3,108
251,Proin eu mi.,2020-12-20 15:53:42,1,4,78
252,Vestibulum ac est lacinia nisi venenatis tristique.,2020-10-05 19:36:29,0,5,75
253,Praesent blandit.,2021-02-26 16:18:17,1,1,448
254,Morbi non quam nec dui luctus rutrum.,2020-05-13 04:00:41,1,5,53
255,"Quisque arcu libero, rutrum ac, lobortis vel, dapibus at, diam.",2020-10-31 06:12:33,1,1,307
256,Sed accumsan felis.,2020-05-27 12:17:11,0,4,202
257,Cras in purus eu magna vulputate luctus.,2021-03-15 22:29:23,1,1,319
258,Donec posuere metus vitae ipsum.,2020-10-11 00:20:12,1,5,446
259,Phasellus sit amet erat.,2020-07-25 23:11:44,0,1,436
260,In quis justo.,2020-07-16 03:49:31,1,1,382
261,"Maecenas tristique, est et tempus semper, est quam pharetra magna, ac consequat metus sapien ut nunc.",2020-12-17 21:09:43,1,5,399
262,Vestibulum ante ipsum primis in faucibus orci luctus et ultrices posuere cubilia Curae; Mauris viverra diam vitae quam.,2021-01-22 10:45:27,0,2,217
263,In eleifend quam a odio.,2020-04-20 17:01:16,0,3,381
264,Nulla suscipit ligula in lacus.,2020-10-25 01:43:03,1,1,87
265,"Maecenas leo odio, condimentum id, luctus nec, molestie sed, justo.",2020-05-14 19:38:32,0,3,157
266,Cras in purus eu magna vulputate luctus.,2020-04-15 17:55:18,1,1,395
267,Sed vel enim sit amet nunc viverra dapibus.,2020-06-19 07:59:43,0,1,279
268,Nullam molestie nibh in lectus.,2020-05-12 16:27:02,1,1,464
269,Vestibulum sed magna at nunc commodo placerat.,2020-12-15 19:47:12,1,5,310
270,Maecenas rhoncus aliquam lacus.,2020-12-11 16:31:07,1,1,165
271,Duis bibendum.,2020-10-24 17:11:50,1,4,20
272,Sed ante.,2021-03-27 02:08:22,1,1,166
273,Pellentesque at nulla.,2021-03-05 18:13:20,0,2,408
274,Vestibulum ante ipsum primis in faucibus orci luctus et ultrices posuere cubilia Curae; Nulla dapibus dolor vel est.,2021-02-28 18:47:12,1,1,321
275,"Morbi vestibulum, velit id pretium iaculis, diam erat fermentum justo, nec condimentum neque sapien placerat ante.",2020-06-02 20:42:04,1,4,331
276,Nam dui.,2020-10-13 20:36:55,1,3,45
277,Aliquam erat volutpat.,2020-09-18 03:43:40,1,5,463
278,Nulla mollis molestie lorem.,2020-07-25 10:59:59,1,4,66
279,Pellentesque viverra pede ac diam.,2020-10-29 00:58:00,1,1,95
280,Cras non velit nec nisi vulputate nonummy.,2021-03-02 23:11:10,0,1,476
281,"Vivamus metus arcu, adipiscing molestie, hendrerit at, vulputate vitae, nisl.",2020-09-14 15:22:17,1,4,268
282,"Morbi vestibulum, velit id pretium iaculis, diam erat fermentum justo, nec condimentum neque sapien placerat ante.",2021-01-12 01:47:59,1,2,170
283,Etiam faucibus cursus urna.,2020-10-08 01:32:09,1,4,394
284,Vestibulum ac est lacinia nisi venenatis tristique.,2020-11-12 03:43:18,0,4,320
285,Suspendisse potenti.,2020-05-27 02:12:14,0,4,220
286,Maecenas ut massa quis augue luctus tincidunt.,2020-07-22 21:46:42,0,4,289
287,Mauris ullamcorper purus sit amet nulla.,2020-11-21 12:22:03,0,1,181
288,Praesent id massa id nisl venenatis lacinia.,2020-07-17 22:25:14,0,1,24
289,"Donec diam neque, vestibulum eget, vulputate ut, ultrices vel, augue.",2020-07-19 22:23:39,1,4,316
290,Nulla tellus.,2020-08-22 13:40:53,0,1,243
291,"Lorem ipsum dolor sit amet, consectetuer adipiscing elit.",2020-10-03 20:22:14,1,2,391
292,Etiam pretium iaculis justo.,2021-03-03 22:19:27,0,2,210
293,Nullam varius.,2021-03-06 14:40:54,0,5,487
294,In hac habitasse platea dictumst.,2020-09-13 16:52:30,1,3,351
295,In sagittis dui vel nisl.,2020-08-10 01:38:25,0,3,2
296,In hac habitasse platea dictumst.,2021-03-06 01:28:00,1,5,40
297,Cras in purus eu magna vulputate luctus.,2021-01-29 22:03:01,0,2,448
298,Morbi non lectus.,2020-05-09 11:19:35,0,5,9
299,Ut at dolor quis odio consequat varius.,2020-07-23 15:44:54,0,5,482
300,"Morbi vestibulum, velit id pretium iaculis, diam erat fermentum justo, nec condimentum neque sapien placerat ante.",2020-09-21 14:33:26,0,3,198
301,Nulla nisl.,2020-09-06 18:10:23,0,5,107
302,Integer a nibh.,2020-10-25 10:17:38,1,5,473
303,Suspendisse ornare consequat lectus.,2021-03-27 15:49:47,1,1,497
304,"Nam ultrices, libero non mattis pulvinar, nulla pede ullamcorper augue, a suscipit nulla elit ac nulla.",2020-04-21 04:14:04,0,3,125
305,Suspendisse potenti.,2021-03-19 04:22:03,0,3,230
306,Cras non velit nec nisi vulputate nonummy.,2020-11-03 13:41:33,1,2,428
307,Suspendisse ornare consequat lectus.,2020-07-07 02:54:11,0,4,491
308,Morbi a ipsum.,2021-02-13 13:09:20,1,1,258
309,In blandit ultrices enim.,2020-07-26 15:28:56,0,2,124
310,Ut tellus.,2020-06-14 08:50:58,1,2,207
311,"Cras mi pede, malesuada in, imperdiet et, commodo vulputate, justo.",2020-11-29 08:12:52,1,5,23
312,Donec dapibus.,2020-11-05 16:35:00,0,5,434
313,Aliquam quis turpis eget elit sodales scelerisque.,2020-10-28 11:42:25,1,4,198
314,Nulla facilisi.,2021-02-25 04:52:18,0,3,164
315,Integer a nibh.,2021-01-05 19:00:32,0,1,161
316,Integer ac leo.,2020-07-31 23:07:36,1,1,203
317,Proin at turpis a pede posuere nonummy.,2021-03-19 02:00:37,0,3,453
318,Nullam molestie nibh in lectus.,2020-07-16 05:58:58,0,4,164
319,Aenean lectus.,2020-08-16 09:20:54,1,1,492
320,In sagittis dui vel nisl.,2020-08-06 12:30:05,0,1,245
321,"Fusce lacus purus, aliquet at, feugiat non, pretium quis, lectus.",2020-10-02 18:59:19,1,3,280
322,Nulla justo.,2021-01-29 14:21:18,0,3,376
323,Vestibulum ante ipsum primis in faucibus orci luctus et ultrices posuere cubilia Curae; Nulla dapibus dolor vel est.,2020-05-14 02:18:23,1,2,485
324,Curabitur in libero ut massa volutpat convallis.,2020-07-20 12:35:21,0,3,94
325,Quisque ut erat.,2020-08-08 03:06:23,0,3,114
326,Vivamus in felis eu sapien cursus vestibulum.,2020-12-14 17:28:58,1,2,28
327,Etiam vel augue.,2020-06-02 16:55:55,0,3,51
328,Vivamus vestibulum sagittis sapien.,2021-01-31 20:35:16,1,5,437
329,Sed ante.,2020-11-17 17:03:33,1,2,371
330,"Mauris enim leo, rhoncus sed, vestibulum sit amet, cursus id, turpis.",2020-04-22 11:50:32,1,3,489
331,Integer ac leo.,2020-04-23 22:16:28,0,2,76
332,Pellentesque ultrices mattis odio.,2020-05-29 06:46:19,1,2,311
333,In hac habitasse platea dictumst.,2020-05-20 03:53:38,0,5,278
334,Curabitur convallis.,2021-01-16 09:58:43,0,1,499
335,"Integer aliquet, massa id lobortis convallis, tortor risus dapibus augue, vel accumsan tellus nisi eu orci.",2021-02-06 19:49:56,1,3,475
336,"Proin leo odio, porttitor id, consequat in, consequat ut, nulla.",2021-02-05 17:48:24,0,1,261
337,Nunc nisl.,2020-10-11 12:25:05,0,4,96
338,Morbi a ipsum.,2020-05-12 00:17:46,1,4,142
339,Vestibulum ante ipsum primis in faucibus orci luctus et ultrices posuere cubilia Curae; Nulla dapibus dolor vel est.,2020-09-03 21:54:11,0,2,240
340,Donec dapibus.,2020-04-26 23:35:33,1,1,29
341,In hac habitasse platea dictumst.,2021-01-09 07:40:21,0,2,454
342,Cras pellentesque volutpat dui.,2020-10-20 11:21:41,1,2,212
343,Donec quis orci eget orci vehicula condimentum.,2020-10-28 20:08:24,0,4,395
344,Morbi non lectus.,2021-03-16 21:25:48,1,2,192
345,Maecenas pulvinar lobortis est.,2021-01-30 18:14:01,1,5,151
346,Suspendisse potenti.,2020-05-07 19:56:15,0,1,67
347,Ut at dolor quis odio consequat varius.,2020-11-07 03:51:48,0,3,117
348,In hac habitasse platea dictumst.,2020-07-21 09:28:43,1,1,466
349,Vestibulum ante ipsum primis in faucibus orci luctus et ultrices posuere cubilia Curae; Duis faucibus accumsan odio.,2020-09-08 02:34:18,0,4,195
350,Quisque ut erat.,2020-12-28 10:12:01,1,5,436
351,Nam nulla.,2020-12-22 10:56:28,1,2,418
352,"Fusce lacus purus, aliquet at, feugiat non, pretium quis, lectus.",2020-04-04 03:36:54,1,2,462
353,Nunc nisl.,2021-03-26 09:20:36,0,3,386
354,Maecenas ut massa quis augue luctus tincidunt.,2020-05-17 14:27:54,0,4,228
355,Vestibulum rutrum rutrum neque.,2020-08-03 13:47:35,1,3,488
356,Proin eu mi.,2020-09-08 18:22:05,0,3,243
357,Duis bibendum.,2020-08-17 23:28:35,1,2,259
358,Duis at velit eu est congue elementum.,2020-10-06 19:41:11,0,3,26
359,Nulla justo.,2021-01-10 21:52:26,1,5,90
360,Nam tristique tortor eu pede.,2020-10-29 09:01:30,0,5,373
361,Donec vitae nisi.,2021-01-13 21:58:13,1,5,122
362,"Nam congue, risus semper porta volutpat, quam pede lobortis ligula, sit amet eleifend pede libero quis orci.",2020-08-06 22:56:50,1,4,60
363,Duis mattis egestas metus.,2021-02-14 19:55:31,0,1,101
364,Sed vel enim sit amet nunc viverra dapibus.,2020-08-31 20:48:54,0,1,498
365,Morbi quis tortor id nulla ultrices aliquet.,2020-11-12 06:40:15,0,2,94
366,Aenean fermentum.,2021-03-03 15:56:41,0,4,60
367,Sed sagittis.,2020-04-05 06:48:47,1,3,66
368,Vestibulum ante ipsum primis in faucibus orci luctus et ultrices posuere cubilia Curae; Duis faucibus accumsan odio.,2020-06-22 04:43:44,1,4,167
369,"Lorem ipsum dolor sit amet, consectetuer adipiscing elit.",2021-02-04 22:52:42,1,2,151
370,Donec semper sapien a libero.,2020-11-21 15:38:27,1,2,22
371,Phasellus in felis.,2020-09-24 21:09:52,0,2,28
372,"Cum sociis natoque penatibus et magnis dis parturient montes, nascetur ridiculus mus.",2020-08-23 23:58:39,0,3,462
373,Sed ante.,2021-01-14 09:03:38,1,5,188
374,Maecenas ut massa quis augue luctus tincidunt.,2020-06-13 18:29:29,1,1,195
375,Nullam varius.,2020-09-06 13:51:28,0,3,493
376,In hac habitasse platea dictumst.,2020-07-16 13:54:08,1,4,435
377,"Nulla neque libero, convallis eget, eleifend luctus, ultricies eu, nibh.",2020-07-28 04:52:05,0,4,245
378,Integer tincidunt ante vel ipsum.,2021-01-29 11:40:47,1,1,323
379,Pellentesque at nulla.,2021-03-05 01:24:11,1,4,54
380,In hac habitasse platea dictumst.,2020-12-11 16:01:18,0,5,244
381,Nunc rhoncus dui vel sem.,2020-04-25 20:32:29,0,4,135
382,"Vestibulum ante ipsum primis in faucibus orci luctus et ultrices posuere cubilia Curae; Donec pharetra, magna vestibulum aliquet ultrices, erat tortor sollicitudin mi, sit amet lobortis sapien sapien non mi.",2021-03-20 02:35:13,0,2,398
383,Cras in purus eu magna vulputate luctus.,2020-10-29 10:01:56,0,1,19
384,Integer ac neque.,2020-10-15 05:13:48,0,5,48
385,In congue.,2021-01-27 02:52:50,1,5,335
386,In blandit ultrices enim.,2020-10-20 20:55:39,0,4,353
387,Morbi ut odio.,2020-08-12 16:25:44,0,2,25
388,Vestibulum ante ipsum primis in faucibus orci luctus et ultrices posuere cubilia Curae; Duis faucibus accumsan odio.,2021-03-06 05:44:36,1,3,100
389,Fusce posuere felis sed lacus.,2020-11-06 04:49:34,1,5,181
390,Curabitur convallis.,2020-08-10 18:07:16,1,3,236
391,Nulla ut erat id mauris vulputate elementum.,2021-02-01 07:41:00,0,2,337
392,Mauris ullamcorper purus sit amet nulla.,2021-02-01 01:32:32,1,2,242
393,"Quisque erat eros, viverra eget, congue eget, semper rutrum, nulla.",2020-07-12 20:19:55,1,4,228
394,Nulla facilisi.,2020-06-12 23:04:53,1,2,209
395,Etiam justo.,2020-10-27 01:58:43,0,1,150
396,Phasellus sit amet erat.,2020-09-20 03:28:49,0,3,3
397,Maecenas tincidunt lacus at velit.,2021-02-17 21:35:08,0,4,12
398,In hac habitasse platea dictumst.,2020-10-03 23:58:57,1,5,369
399,Integer non velit.,2021-01-12 16:27:55,1,5,136
400,Integer non velit.,2021-01-22 15:40:37,0,2,403
401,"Maecenas leo odio, condimentum id, luctus nec, molestie sed, justo.",2021-01-21 03:40:34,1,2,29
402,Nullam sit amet turpis elementum ligula vehicula consequat.,2020-04-08 14:32:55,1,1,287
403,Nulla justo.,2021-03-18 10:00:17,1,4,328
404,Curabitur gravida nisi at nibh.,2020-06-20 20:42:14,1,1,166
405,Cras non velit nec nisi vulputate nonummy.,2020-07-13 05:25:43,1,5,160
406,Nunc rhoncus dui vel sem.,2020-08-27 18:36:56,1,2,400
407,In blandit ultrices enim.,2021-01-07 03:41:27,1,5,62
408,"Vestibulum ante ipsum primis in faucibus orci luctus et ultrices posuere cubilia Curae; Donec pharetra, magna vestibulum aliquet ultrices, erat tortor sollicitudin mi, sit amet lobortis sapien sapien non mi.",2020-05-02 20:07:04,1,5,396
409,Pellentesque viverra pede ac diam.,2020-10-04 21:09:44,0,1,205
410,Suspendisse potenti.,2020-05-18 12:32:35,1,2,302
411,Mauris sit amet eros.,2020-11-27 09:01:01,1,4,444
412,Aliquam sit amet diam in magna bibendum imperdiet.,2021-03-09 22:54:41,1,2,192
413,Duis at velit eu est congue elementum.,2020-11-20 06:58:24,1,1,197
414,Quisque id justo sit amet sapien dignissim vestibulum.,2020-10-09 17:50:41,0,3,80
415,Proin at turpis a pede posuere nonummy.,2020-04-12 04:24:26,1,2,189
416,Vestibulum rutrum rutrum neque.,2020-06-09 23:45:14,1,2,349
417,Aliquam sit amet diam in magna bibendum imperdiet.,2021-01-18 08:08:29,0,1,101
418,In congue.,2020-11-02 06:03:04,1,1,476
419,Curabitur convallis.,2021-01-12 15:04:25,0,4,244
420,Aliquam non mauris.,2020-05-06 23:45:20,0,2,50
421,Nullam porttitor lacus at turpis.,2021-01-13 22:41:02,0,3,14
422,Quisque porta volutpat erat.,2021-03-17 22:57:12,1,2,74
423,Morbi ut odio.,2021-01-15 06:58:36,1,5,73
424,Suspendisse accumsan tortor quis turpis.,2020-06-23 18:40:21,0,1,358
425,Praesent blandit.,2020-07-25 23:54:29,1,5,37
426,Ut tellus.,2020-10-18 03:42:46,1,1,38
427,Praesent blandit.,2020-03-30 05:36:37,0,3,251
428,Praesent lectus.,2021-03-27 15:01:28,0,2,403
429,Nulla tempus.,2020-10-27 02:17:07,0,2,138
430,Nam nulla.,2021-03-11 03:35:54,0,4,163
431,Fusce consequat.,2020-04-30 13:05:04,1,3,117
432,Aenean sit amet justo.,2020-10-15 13:41:48,1,5,95
433,Suspendisse potenti.,2020-09-09 00:59:14,0,4,278
434,Pellentesque eget nunc.,2020-12-28 20:39:41,0,4,141
435,Praesent blandit lacinia erat.,2020-07-21 20:44:47,0,4,498
436,Nam nulla.,2020-08-13 00:44:24,1,4,150
437,"Vestibulum quam sapien, varius ut, blandit non, interdum in, ante.",2021-03-05 07:02:38,0,5,372
438,Nunc purus.,2021-01-09 06:55:03,0,4,178
439,Suspendisse ornare consequat lectus.,2021-03-18 03:35:40,1,4,60
440,Duis mattis egestas metus.,2020-04-23 13:08:10,1,4,64
441,Nullam molestie nibh in lectus.,2020-04-24 03:54:20,0,2,325
442,Aliquam sit amet diam in magna bibendum imperdiet.,2021-03-08 14:43:26,1,5,338
443,Pellentesque eget nunc.,2020-12-14 18:07:24,0,1,155
444,"Proin leo odio, porttitor id, consequat in, consequat ut, nulla.",2020-12-07 02:41:57,0,1,312
445,"Maecenas tristique, est et tempus semper, est quam pharetra magna, ac consequat metus sapien ut nunc.",2020-06-17 13:00:20,0,4,220
446,Duis consequat dui nec nisi volutpat eleifend.,2020-09-16 16:34:11,1,4,346
447,"Donec odio justo, sollicitudin ut, suscipit a, feugiat et, eros.",2020-10-30 04:53:14,0,2,169
448,In congue.,2021-02-04 00:05:03,0,2,281
449,Aliquam erat volutpat.,2021-02-05 04:35:50,1,4,230
450,In hac habitasse platea dictumst.,2021-02-22 06:22:16,1,3,124
451,Maecenas tincidunt lacus at velit.,2020-11-17 23:33:34,1,2,476
452,Morbi vel lectus in quam fringilla rhoncus.,2020-10-14 03:14:46,1,3,139
453,Vivamus tortor.,2021-03-15 17:27:48,1,5,436
454,Morbi non lectus.,2020-04-22 17:46:38,0,2,289
455,In hac habitasse platea dictumst.,2020-11-11 22:30:05,0,5,199
456,Integer ac neque.,2020-08-28 01:22:40,0,5,19
457,Nullam molestie nibh in lectus.,2021-02-22 00:08:05,1,5,119
458,Integer ac neque.,2020-07-22 01:20:34,1,2,125
459,Duis consequat dui nec nisi volutpat eleifend.,2020-04-30 01:08:14,0,3,456
460,Sed accumsan felis.,2020-09-28 17:18:20,1,1,6
461,Aliquam non mauris.,2020-12-14 01:34:35,1,5,247
462,Nulla mollis molestie lorem.,2021-03-20 19:11:46,1,1,63
463,Nullam porttitor lacus at turpis.,2020-07-30 09:26:45,0,1,21
464,"Vestibulum ante ipsum primis in faucibus orci luctus et ultrices posuere cubilia Curae; Donec pharetra, magna vestibulum aliquet ultrices, erat tortor sollicitudin mi, sit amet lobortis sapien sapien non mi.",2020-10-23 18:31:01,1,1,388
465,Maecenas ut massa quis augue luctus tincidunt.,2021-03-01 09:50:16,0,4,189
466,Vestibulum ac est lacinia nisi venenatis tristique.,2020-07-31 02:57:09,0,1,255
467,"Nulla neque libero, convallis eget, eleifend luctus, ultricies eu, nibh.",2020-08-15 18:57:13,0,5,82
468,Nullam varius.,2020-04-18 23:01:30,0,1,428
469,Sed sagittis.,2020-07-29 06:57:04,1,5,269
470,"Maecenas tristique, est et tempus semper, est quam pharetra magna, ac consequat metus sapien ut nunc.",2021-03-04 08:49:42,1,5,92
471,Curabitur at ipsum ac tellus semper interdum.,2020-06-15 12:53:02,0,1,26
472,Maecenas pulvinar lobortis est.,2020-05-13 18:50:26,0,5,354
473,Nam nulla.,2020-07-22 20:08:17,0,5,56
474,Etiam justo.,2020-08-26 16:50:51,0,2,369
475,"Nulla neque libero, convallis eget, eleifend luctus, ultricies eu, nibh.",2020-04-15 05:26:07,0,2,135
476,Integer tincidunt ante vel ipsum.,2020-10-27 23:37:43,1,2,500
477,Duis aliquam convallis nunc.,2020-12-24 16:15:36,0,3,121
478,"Lorem ipsum dolor sit amet, consectetuer adipiscing elit.",2020-10-21 17:32:23,1,3,350
479,Quisque ut erat.,2020-09-10 14:37:32,1,5,151
480,Proin interdum mauris non ligula pellentesque ultrices.,2020-11-20 22:43:15,0,5,299
481,Donec vitae nisi.,2021-01-02 11:33:30,0,4,191
482,Phasellus id sapien in sapien iaculis congue.,2020-08-12 21:45:43,1,1,108
483,Morbi non lectus.,2021-03-18 02:14:54,0,4,432
484,"Vivamus metus arcu, adipiscing molestie, hendrerit at, vulputate vitae, nisl.",2021-02-03 02:09:27,1,4,254
485,Etiam justo.,2020-11-23 15:24:47,1,2,491
486,"Quisque erat eros, viverra eget, congue eget, semper rutrum, nulla.",2020-10-17 06:43:23,0,4,462
487,Nulla facilisi.,2021-02-25 02:44:29,1,2,164
488,Integer ac neque.,2020-04-15 20:21:14,0,5,135
489,Etiam justo.,2021-02-11 02:53:34,1,2,29
490,Suspendisse potenti.,2020-09-01 03:20:55,0,1,385
491,Cras non velit nec nisi vulputate nonummy.,2021-02-05 03:58:15,1,4,339
492,Pellentesque viverra pede ac diam.,2021-02-19 14:10:49,1,2,388
493,In congue.,2021-01-11 04:36:03,1,1,20
494,"Maecenas leo odio, condimentum id, luctus nec, molestie sed, justo.",2020-08-26 06:37:15,1,4,438
495,Aenean lectus.,2021-01-05 02:07:28,1,3,435
496,In eleifend quam a odio.,2021-01-27 14:02:40,1,5,96
497,Nullam sit amet turpis elementum ligula vehicula consequat.,2020-09-20 01:02:56,1,4,361
498,"Aliquam augue quam, sollicitudin vitae, consectetuer eget, rutrum at, lorem.",2021-02-25 17:46:09,1,5,23
499,Donec posuere metus vitae ipsum.,2020-10-29 21:40:41,0,3,170
500,Vivamus in felis eu sapien cursus vestibulum.,2020-04-17 00:55:19,0,2,6
501,Morbi a ipsum.,2021-03-11 22:14:41,1,1,254
502,Etiam pretium iaculis justo.,2020-09-24 09:33:15,1,3,403
503,Morbi porttitor lorem id ligula.,2020-06-04 15:25:32,1,5,346
504,"In est risus, auctor sed, tristique in, tempus sit amet, sem.",2021-01-18 20:58:57,1,5,212
505,Integer a nibh.,2020-08-26 09:48:58,1,4,73
506,Etiam pretium iaculis justo.,2021-03-25 03:13:58,0,5,36
507,Vestibulum ante ipsum primis in faucibus orci luctus et ultrices posuere cubilia Curae; Nulla dapibus dolor vel est.,2020-05-17 08:52:25,1,4,187
508,Morbi a ipsum.,2020-07-10 06:03:26,1,4,267
509,Aenean sit amet justo.,2021-01-30 09:00:44,1,2,171
510,Morbi non lectus.,2020-04-04 11:02:53,1,1,240
511,Fusce consequat.,2020-05-09 17:22:42,0,4,314
512,"Quisque arcu libero, rutrum ac, lobortis vel, dapibus at, diam.",2020-12-14 12:08:52,0,2,125
513,Pellentesque ultrices mattis odio.,2020-07-22 05:25:00,1,5,360
514,Suspendisse accumsan tortor quis turpis.,2020-12-09 18:29:00,1,4,121
515,Nullam molestie nibh in lectus.,2020-07-12 11:22:25,1,5,103
516,Nam nulla.,2021-01-08 19:02:55,0,1,259
517,Vestibulum ante ipsum primis in faucibus orci luctus et ultrices posuere cubilia Curae; Duis faucibus accumsan odio.,2020-05-11 23:56:11,1,5,478
518,Fusce consequat.,2020-12-07 22:06:46,1,5,289
519,Morbi porttitor lorem id ligula.,2020-10-02 03:18:10,0,2,356
520,Nullam molestie nibh in lectus.,2020-11-09 04:38:33,1,3,254
521,Nullam porttitor lacus at turpis.,2020-04-26 20:34:04,1,5,240
522,Donec posuere metus vitae ipsum.,2020-10-17 21:28:00,1,2,191
523,Morbi non lectus.,2020-10-24 04:22:49,1,2,401
524,"Vivamus metus arcu, adipiscing molestie, hendrerit at, vulputate vitae, nisl.",2020-07-07 03:26:09,0,1,208
525,"In est risus, auctor sed, tristique in, tempus sit amet, sem.",2021-02-02 14:47:28,1,4,330
526,Etiam vel augue.,2020-04-21 03:39:48,0,5,433
527,Donec quis orci eget orci vehicula condimentum.,2020-07-12 03:24:32,1,2,91
528,Vivamus vel nulla eget eros elementum pellentesque.,2020-12-20 16:42:17,0,1,458
529,Donec ut dolor.,2021-03-18 01:00:30,1,4,167
530,Morbi porttitor lorem id ligula.,2021-01-19 02:04:38,0,3,472
531,Aenean sit amet justo.,2020-05-02 07:18:47,0,5,22
532,Maecenas pulvinar lobortis est.,2020-10-30 07:37:04,1,2,217
533,Integer ac neque.,2021-03-15 00:01:17,1,1,257
534,Aenean sit amet justo.,2020-12-29 23:38:10,1,2,394
535,Suspendisse potenti.,2020-12-02 05:27:03,0,3,199
536,Nullam varius.,2021-02-16 19:07:39,0,5,191
537,"Cum sociis natoque penatibus et magnis dis parturient montes, nascetur ridiculus mus.",2020-09-12 11:52:55,1,2,64
538,Pellentesque eget nunc.,2020-06-23 23:57:32,1,5,430
539,Mauris ullamcorper purus sit amet nulla.,2020-11-12 01:47:38,1,2,303
540,In quis justo.,2020-08-09 11:00:22,1,3,55
541,In quis justo.,2021-01-02 08:32:03,1,3,394
542,"In est risus, auctor sed, tristique in, tempus sit amet, sem.",2020-12-19 00:46:06,0,4,333
543,Sed vel enim sit amet nunc viverra dapibus.,2021-02-25 13:24:46,0,3,481
544,Sed sagittis.,2020-03-30 21:21:18,0,3,230
545,Cras non velit nec nisi vulputate nonummy.,2020-10-15 22:09:06,1,1,281
546,Maecenas rhoncus aliquam lacus.,2020-09-05 08:13:37,0,3,280
547,Proin eu mi.,2020-05-13 17:05:35,0,4,279
548,Nulla ac enim.,2020-11-19 12:07:07,1,2,240
549,Integer ac neque.,2021-02-18 10:57:08,1,4,69
550,"In est risus, auctor sed, tristique in, tempus sit amet, sem.",2020-04-12 02:28:32,1,3,235
551,Phasellus sit amet erat.,2020-12-10 06:41:11,0,1,396
552,Nullam porttitor lacus at turpis.,2021-03-11 20:27:11,0,3,171
553,"Cum sociis natoque penatibus et magnis dis parturient montes, nascetur ridiculus mus.",2020-10-03 12:41:04,1,5,203
554,Aliquam erat volutpat.,2020-07-03 00:21:00,1,3,24
555,Ut tellus.,2020-12-26 23:35:45,0,1,255
556,"Nam ultrices, libero non mattis pulvinar, nulla pede ullamcorper augue, a suscipit nulla elit ac nulla.",2020-07-23 09:06:52,0,5,142
557,Phasellus in felis.,2021-02-22 00:13:52,0,1,293
558,Vestibulum ante ipsum primis in faucibus orci luctus et ultrices posuere cubilia Curae; Duis faucibus accumsan odio.,2020-06-05 14:09:58,1,4,316
559,"Lorem ipsum dolor sit amet, consectetuer adipiscing elit.",2020-10-05 02:55:36,1,1,453
560,Pellentesque ultrices mattis odio.,2020-04-30 01:04:06,0,1,415
561,Fusce consequat.,2021-03-03 06:02:57,0,2,28
562,"Morbi vestibulum, velit id pretium iaculis, diam erat fermentum justo, nec condimentum neque sapien placerat ante.",2020-10-01 22:56:55,1,1,396
563,Maecenas rhoncus aliquam lacus.,2020-12-17 14:51:19,0,5,309
564,Proin at turpis a pede posuere nonummy.,2020-04-02 22:26:39,0,5,383
565,"Cum sociis natoque penatibus et magnis dis parturient montes, nascetur ridiculus mus.",2021-02-28 01:48:25,0,2,359
566,Morbi ut odio.,2020-07-06 09:22:48,0,3,278
567,Sed accumsan felis.,2020-07-15 18:15:15,0,5,12
568,Pellentesque ultrices mattis odio.,2020-06-28 03:00:40,0,3,375
569,Proin at turpis a pede posuere nonummy.,2020-12-07 01:43:32,1,2,357
570,Mauris sit amet eros.,2020-12-28 13:33:56,1,4,286
571,Vivamus vestibulum sagittis sapien.,2021-03-12 13:15:18,0,2,349
572,Etiam justo.,2021-03-04 13:46:26,0,1,116
573,In hac habitasse platea dictumst.,2020-08-23 13:49:11,0,4,31
574,Integer ac neque.,2020-05-25 15:32:50,0,5,488
575,In blandit ultrices enim.,2020-04-11 07:54:55,1,2,398
576,Nunc rhoncus dui vel sem.,2020-05-25 05:36:42,1,3,120
577,Proin eu mi.,2020-12-23 20:36:38,1,2,306
578,Suspendisse ornare consequat lectus.,2021-03-21 21:02:57,0,1,47
579,"Donec odio justo, sollicitudin ut, suscipit a, feugiat et, eros.",2021-02-15 15:05:18,0,4,347
580,Vestibulum ante ipsum primis in faucibus orci luctus et ultrices posuere cubilia Curae; Nulla dapibus dolor vel est.,2020-08-28 22:51:40,1,1,471
581,Suspendisse potenti.,2021-03-02 22:14:03,1,1,248
582,"Nam congue, risus semper porta volutpat, quam pede lobortis ligula, sit amet eleifend pede libero quis orci.",2020-04-25 07:04:42,1,3,355
583,Nulla justo.,2021-03-10 13:00:07,1,2,2
584,Integer ac leo.,2020-04-19 15:45:21,1,1,291
585,Vivamus tortor.,2020-11-11 01:41:52,0,4,303
586,Sed vel enim sit amet nunc viverra dapibus.,2021-01-23 06:59:43,0,1,237
587,Morbi vel lectus in quam fringilla rhoncus.,2020-04-24 04:47:12,1,2,159
588,Morbi vel lectus in quam fringilla rhoncus.,2020-09-27 08:06:08,0,1,493
589,Curabitur convallis.,2021-02-21 11:10:15,0,2,420
590,In quis justo.,2020-06-16 15:44:03,1,4,120
591,Vestibulum sed magna at nunc commodo placerat.,2020-07-04 14:57:42,0,3,319
592,Vestibulum ante ipsum primis in faucibus orci luctus et ultrices posuere cubilia Curae; Duis faucibus accumsan odio.,2020-06-06 04:11:34,1,2,23
593,Etiam faucibus cursus urna.,2020-10-26 23:33:23,1,3,277
594,Aliquam erat volutpat.,2021-03-23 21:15:37,1,1,50
595,Aliquam quis turpis eget elit sodales scelerisque.,2021-03-08 21:31:55,1,5,43
596,Aliquam quis turpis eget elit sodales scelerisque.,2020-07-09 14:25:46,0,5,70
597,Duis aliquam convallis nunc.,2021-03-03 22:51:01,1,2,265
598,In hac habitasse platea dictumst.,2020-11-18 20:33:34,1,1,221
599,Praesent lectus.,2021-03-20 11:22:31,0,3,202
600,Maecenas ut massa quis augue luctus tincidunt.,2020-08-28 13:22:49,1,3,368
601,"Donec odio justo, sollicitudin ut, suscipit a, feugiat et, eros.",2020-08-19 18:00:03,1,3,222
602,Curabitur in libero ut massa volutpat convallis.,2020-06-09 12:47:39,1,1,497
603,Pellentesque viverra pede ac diam.,2021-03-06 12:14:50,0,5,26
604,Aliquam sit amet diam in magna bibendum imperdiet.,2021-02-22 08:32:31,0,2,348
605,Nam dui.,2020-11-26 09:36:24,0,5,210
606,Etiam pretium iaculis justo.,2020-06-14 03:54:17,0,2,108
607,"Fusce lacus purus, aliquet at, feugiat non, pretium quis, lectus.",2020-12-18 20:21:14,1,4,79
608,Aliquam non mauris.,2021-03-12 13:54:45,1,4,196
609,In congue.,2020-11-19 03:43:14,0,1,388
610,Pellentesque viverra pede ac diam.,2020-07-17 23:55:46,0,2,206
611,Pellentesque ultrices mattis odio.,2021-01-12 00:59:46,0,5,118
612,Vestibulum ac est lacinia nisi venenatis tristique.,2021-02-11 12:07:54,1,2,440
613,Vestibulum sed magna at nunc commodo placerat.,2020-05-08 15:35:14,0,1,260
614,Aliquam quis turpis eget elit sodales scelerisque.,2020-12-08 07:07:14,0,4,181
615,Nulla justo.,2020-12-29 22:14:17,0,3,48
616,Sed ante.,2020-06-29 01:17:14,0,1,485
617,"Aliquam augue quam, sollicitudin vitae, consectetuer eget, rutrum at, lorem.",2020-05-28 07:14:58,0,2,313
618,Cras non velit nec nisi vulputate nonummy.,2020-05-26 07:17:46,1,5,102
619,Aenean fermentum.,2021-01-23 13:22:43,1,1,367
620,Nulla nisl.,2020-09-27 07:18:32,0,2,413
621,Morbi ut odio.,2020-11-07 21:09:54,0,4,301
622,"Maecenas tristique, est et tempus semper, est quam pharetra magna, ac consequat metus sapien ut nunc.",2020-07-25 15:43:54,0,5,397
623,Morbi non lectus.,2021-01-26 09:36:07,1,3,353
624,Nunc rhoncus dui vel sem.,2021-01-28 09:54:36,1,3,425
625,Suspendisse ornare consequat lectus.,2020-09-08 05:41:55,0,3,341
626,"Integer pede justo, lacinia eget, tincidunt eget, tempus vel, pede.",2021-02-03 11:45:09,0,5,335
627,Duis bibendum.,2020-10-16 07:56:48,0,1,187
628,Ut at dolor quis odio consequat varius.,2020-06-02 14:17:17,0,2,71
629,"Proin leo odio, porttitor id, consequat in, consequat ut, nulla.",2020-06-18 19:21:43,1,5,197
630,Vivamus tortor.,2020-04-14 19:30:56,0,2,414
631,Curabitur in libero ut massa volutpat convallis.,2020-11-07 12:49:08,0,4,500
632,"Nulla neque libero, convallis eget, eleifend luctus, ultricies eu, nibh.",2020-10-29 05:08:33,0,1,81
633,Integer a nibh.,2020-07-23 20:41:06,0,3,45
634,Etiam faucibus cursus urna.,2020-05-14 02:59:57,0,3,378
635,Morbi quis tortor id nulla ultrices aliquet.,2021-03-05 13:08:36,0,5,144
636,Aenean sit amet justo.,2020-07-07 14:28:26,0,4,107
637,In quis justo.,2020-07-25 01:13:59,1,2,83
638,Curabitur convallis.,2020-10-06 00:11:32,1,4,236
639,"Morbi odio odio, elementum eu, interdum eu, tincidunt in, leo.",2020-10-13 14:50:20,0,4,406
640,Pellentesque ultrices mattis odio.,2020-10-19 13:22:47,0,4,364
641,Nulla suscipit ligula in lacus.,2021-01-19 15:37:49,0,3,473
642,"Vestibulum ante ipsum primis in faucibus orci luctus et ultrices posuere cubilia Curae; Donec pharetra, magna vestibulum aliquet ultrices, erat tortor sollicitudin mi, sit amet lobortis sapien sapien non mi.",2020-12-08 12:41:27,1,1,82
643,Praesent blandit.,2020-12-10 02:15:47,1,2,15
644,Praesent blandit lacinia erat.,2021-03-07 17:37:47,0,2,151
645,Praesent id massa id nisl venenatis lacinia.,2020-10-22 20:14:11,0,1,123
646,Vestibulum ante ipsum primis in faucibus orci luctus et ultrices posuere cubilia Curae; Duis faucibus accumsan odio.,2020-10-05 06:24:15,1,2,260
647,Nullam molestie nibh in lectus.,2020-10-11 11:20:35,1,2,87
648,In hac habitasse platea dictumst.,2020-06-29 20:37:59,1,1,105
649,Nulla tellus.,2021-03-11 12:53:38,0,1,447
650,Vestibulum ante ipsum primis in faucibus orci luctus et ultrices posuere cubilia Curae; Mauris viverra diam vitae quam.,2020-07-11 04:37:43,0,2,116
651,"Morbi odio odio, elementum eu, interdum eu, tincidunt in, leo.",2020-10-13 08:10:02,0,5,11
652,Maecenas tincidunt lacus at velit.,2021-02-01 14:27:00,0,1,58
653,Mauris lacinia sapien quis libero.,2020-08-10 04:22:53,0,5,467
654,Nunc nisl.,2020-12-10 21:39:36,1,5,136
655,Morbi a ipsum.,2021-01-12 12:53:15,1,3,74
656,Donec quis orci eget orci vehicula condimentum.,2020-05-18 06:24:34,1,2,388
657,"Vivamus metus arcu, adipiscing molestie, hendrerit at, vulputate vitae, nisl.",2021-01-28 17:51:15,1,2,53
658,Morbi non lectus.,2020-08-08 01:30:25,0,5,114
659,In sagittis dui vel nisl.,2020-09-22 18:15:54,0,4,155
660,Integer tincidunt ante vel ipsum.,2020-12-25 19:36:01,0,4,120
661,"Integer pede justo, lacinia eget, tincidunt eget, tempus vel, pede.",2020-08-19 19:07:25,1,5,353
662,"Integer aliquet, massa id lobortis convallis, tortor risus dapibus augue, vel accumsan tellus nisi eu orci.",2020-12-12 23:24:14,0,2,10
663,Morbi porttitor lorem id ligula.,2020-11-05 15:36:44,1,4,159
664,Duis consequat dui nec nisi volutpat eleifend.,2020-04-24 18:13:19,1,2,181
665,Integer a nibh.,2020-07-31 17:10:24,0,1,269
666,Vivamus vestibulum sagittis sapien.,2020-08-23 21:00:34,1,1,21
667,Nunc rhoncus dui vel sem.,2020-10-05 12:35:49,0,5,65
668,Morbi quis tortor id nulla ultrices aliquet.,2020-09-15 02:25:37,0,3,166
669,In hac habitasse platea dictumst.,2020-08-01 08:23:16,0,2,382
670,Vivamus in felis eu sapien cursus vestibulum.,2020-09-05 01:28:44,1,4,238
671,Etiam justo.,2021-03-07 19:49:08,1,4,227
672,Mauris lacinia sapien quis libero.,2020-08-31 07:32:32,1,5,344
673,Integer ac neque.,2020-10-30 14:17:57,0,3,95
674,"Morbi odio odio, elementum eu, interdum eu, tincidunt in, leo.",2020-04-20 04:59:53,1,1,92
675,Aliquam erat volutpat.,2020-11-30 01:57:44,1,3,147
676,Proin eu mi.,2021-03-27 17:30:02,1,1,367
677,Praesent blandit.,2020-04-10 19:54:14,1,4,331
678,"Nullam orci pede, venenatis non, sodales sed, tincidunt eu, felis.",2020-07-13 22:20:26,1,5,376
679,Aenean sit amet justo.,2021-01-25 09:42:23,1,2,349
680,Curabitur in libero ut massa volutpat convallis.,2020-09-25 08:27:14,1,1,484
681,Nulla justo.,2021-02-15 17:16:00,1,4,66
682,Aenean lectus.,2020-12-11 22:32:10,1,3,282
683,Ut at dolor quis odio consequat varius.,2020-11-13 07:48:28,0,1,59
684,Aliquam non mauris.,2020-06-03 04:14:38,1,5,496
685,Aliquam non mauris.,2020-08-20 15:54:55,0,3,384
686,"Vivamus metus arcu, adipiscing molestie, hendrerit at, vulputate vitae, nisl.",2020-09-22 16:50:32,0,1,95
687,Nullam molestie nibh in lectus.,2020-12-08 08:37:50,0,3,77
688,Fusce posuere felis sed lacus.,2020-05-13 00:08:46,1,2,373
689,Nunc rhoncus dui vel sem.,2020-06-15 11:40:40,0,3,297
690,"Morbi vestibulum, velit id pretium iaculis, diam erat fermentum justo, nec condimentum neque sapien placerat ante.",2020-12-20 16:38:37,1,1,419
691,Quisque id justo sit amet sapien dignissim vestibulum.,2020-11-16 00:23:51,1,4,349
692,Maecenas tincidunt lacus at velit.,2020-08-28 09:09:08,1,1,209
693,Integer non velit.,2020-06-23 20:22:43,1,3,431
694,"Proin leo odio, porttitor id, consequat in, consequat ut, nulla.",2020-10-07 01:44:15,1,4,244
695,Phasellus sit amet erat.,2020-11-20 20:17:47,0,2,360
696,"Vestibulum quam sapien, varius ut, blandit non, interdum in, ante.",2020-12-28 09:14:59,0,5,199
697,Mauris lacinia sapien quis libero.,2020-05-15 04:36:32,1,4,476
698,Donec ut mauris eget massa tempor convallis.,2021-03-02 11:19:17,1,2,494
699,Donec posuere metus vitae ipsum.,2020-08-03 22:44:53,1,2,472
700,Nunc purus.,2020-08-20 19:21:56,1,5,403
701,Ut tellus.,2020-12-09 20:08:12,0,3,136
702,"Cum sociis natoque penatibus et magnis dis parturient montes, nascetur ridiculus mus.",2021-03-08 23:09:12,1,1,305
703,Curabitur at ipsum ac tellus semper interdum.,2020-07-18 10:48:30,1,3,336
704,"Morbi odio odio, elementum eu, interdum eu, tincidunt in, leo.",2020-11-25 17:30:14,0,4,198
705,In eleifend quam a odio.,2021-03-27 21:20:11,0,2,463
706,Duis mattis egestas metus.,2020-08-17 09:28:20,0,2,388
707,"Proin leo odio, porttitor id, consequat in, consequat ut, nulla.",2020-08-30 23:38:46,0,4,494
708,In eleifend quam a odio.,2021-03-05 23:51:10,0,1,95
709,Donec dapibus.,2020-07-23 15:09:42,0,5,405
710,Curabitur convallis.,2020-04-14 22:02:00,1,2,464
711,Suspendisse ornare consequat lectus.,2021-02-20 04:36:21,0,4,129
712,"Fusce congue, diam id ornare imperdiet, sapien urna pretium nisl, ut volutpat sapien arcu sed augue.",2020-05-27 18:07:15,0,3,438
713,In hac habitasse platea dictumst.,2020-10-13 18:11:38,1,5,83
714,Nunc nisl.,2020-06-04 17:36:19,0,5,178
715,Fusce consequat.,2020-06-11 09:55:35,0,2,492
716,"Cum sociis natoque penatibus et magnis dis parturient montes, nascetur ridiculus mus.",2020-11-03 08:55:42,1,1,128
717,Sed vel enim sit amet nunc viverra dapibus.,2020-08-13 22:56:32,1,2,177
718,Nam nulla.,2020-12-15 04:01:00,1,5,497
719,Maecenas rhoncus aliquam lacus.,2020-10-19 02:26:35,1,4,246
720,In blandit ultrices enim.,2021-03-10 20:21:28,0,2,479
721,"Duis bibendum, felis sed interdum venenatis, turpis enim blandit mi, in porttitor pede justo eu massa.",2021-01-14 11:27:17,0,5,289
722,Maecenas ut massa quis augue luctus tincidunt.,2020-08-05 20:06:47,0,5,90
723,Suspendisse potenti.,2020-06-13 12:41:27,0,4,54
724,Cras non velit nec nisi vulputate nonummy.,2020-12-23 15:10:03,1,4,114
725,Morbi non lectus.,2021-01-06 09:28:18,1,5,443
726,Vestibulum rutrum rutrum neque.,2020-06-11 11:35:38,1,1,447
727,"Duis bibendum, felis sed interdum venenatis, turpis enim blandit mi, in porttitor pede justo eu massa.",2021-02-12 01:20:53,1,1,401
728,"Nulla neque libero, convallis eget, eleifend luctus, ultricies eu, nibh.",2020-12-13 19:31:34,0,5,399
729,Sed vel enim sit amet nunc viverra dapibus.,2020-07-11 13:48:18,1,1,423
730,Ut tellus.,2020-04-01 08:07:53,0,3,175
731,Maecenas ut massa quis augue luctus tincidunt.,2020-10-26 18:34:49,1,4,423
732,"Vestibulum quam sapien, varius ut, blandit non, interdum in, ante.",2020-11-22 18:21:45,1,4,55
733,Sed ante.,2020-05-01 07:12:35,1,2,317
734,Nulla justo.,2020-10-25 03:43:51,1,1,62
735,Quisque ut erat.,2020-09-29 09:31:57,0,5,453
736,Vestibulum sed magna at nunc commodo placerat.,2020-05-07 18:34:18,1,3,65
737,"Quisque erat eros, viverra eget, congue eget, semper rutrum, nulla.",2020-10-01 05:13:42,1,3,136
738,In sagittis dui vel nisl.,2021-02-14 12:00:39,1,4,391
739,Quisque ut erat.,2020-09-10 09:55:40,1,3,100
740,Vivamus vestibulum sagittis sapien.,2020-07-04 20:44:26,0,1,466
741,Vestibulum ante ipsum primis in faucibus orci luctus et ultrices posuere cubilia Curae; Duis faucibus accumsan odio.,2020-07-22 12:24:55,1,5,372
742,Vestibulum ante ipsum primis in faucibus orci luctus et ultrices posuere cubilia Curae; Duis faucibus accumsan odio.,2020-11-24 00:52:50,1,4,79
743,"Donec odio justo, sollicitudin ut, suscipit a, feugiat et, eros.",2020-05-29 00:59:50,0,4,221
744,"Maecenas tristique, est et tempus semper, est quam pharetra magna, ac consequat metus sapien ut nunc.",2021-03-17 18:59:45,1,3,22
745,Duis consequat dui nec nisi volutpat eleifend.,2020-10-28 19:30:21,1,5,129
746,Donec dapibus.,2021-02-11 22:09:09,1,4,361
747,Vivamus in felis eu sapien cursus vestibulum.,2020-05-16 14:27:56,0,5,396
748,Duis consequat dui nec nisi volutpat eleifend.,2021-01-27 10:19:34,1,2,470
749,"In est risus, auctor sed, tristique in, tempus sit amet, sem.",2020-11-03 21:01:23,0,1,86
750,In quis justo.,2021-03-08 14:06:11,0,4,418
751,Etiam justo.,2020-05-06 15:29:34,0,3,71
752,Nulla tellus.,2021-03-24 18:59:33,1,3,217
753,Praesent id massa id nisl venenatis lacinia.,2020-07-28 05:30:11,1,2,373
754,"Morbi vestibulum, velit id pretium iaculis, diam erat fermentum justo, nec condimentum neque sapien placerat ante.",2020-10-31 16:24:09,1,5,268
755,Vivamus tortor.,2020-09-25 05:51:08,0,4,291
756,Morbi non lectus.,2021-02-13 12:49:12,0,5,500
757,"Cum sociis natoque penatibus et magnis dis parturient montes, nascetur ridiculus mus.",2020-04-26 12:37:30,1,3,127
758,Vestibulum ante ipsum primis in faucibus orci luctus et ultrices posuere cubilia Curae; Duis faucibus accumsan odio.,2021-01-12 09:49:04,1,3,476
759,Maecenas rhoncus aliquam lacus.,2021-02-27 00:10:13,0,4,3
760,Vestibulum sed magna at nunc commodo placerat.,2020-08-15 02:23:34,0,4,408
761,"Morbi odio odio, elementum eu, interdum eu, tincidunt in, leo.",2020-05-13 10:59:41,0,4,59
762,Morbi a ipsum.,2020-12-06 10:13:29,0,3,236
763,Phasellus id sapien in sapien iaculis congue.,2020-05-23 00:56:44,1,5,201
764,Praesent lectus.,2020-09-11 17:11:10,0,1,231
765,Proin eu mi.,2020-10-30 10:39:39,0,1,42
766,"Maecenas tristique, est et tempus semper, est quam pharetra magna, ac consequat metus sapien ut nunc.",2020-04-29 00:30:04,0,2,473
767,"Cum sociis natoque penatibus et magnis dis parturient montes, nascetur ridiculus mus.",2020-10-24 08:13:10,1,1,367
768,Nulla ac enim.,2020-11-08 10:50:06,0,4,285
769,"Aliquam augue quam, sollicitudin vitae, consectetuer eget, rutrum at, lorem.",2021-01-10 06:19:01,1,1,268
770,"Fusce congue, diam id ornare imperdiet, sapien urna pretium nisl, ut volutpat sapien arcu sed augue.",2020-09-25 19:37:02,0,4,227
771,Morbi non lectus.,2020-04-25 06:47:32,0,2,115
772,Duis mattis egestas metus.,2020-11-06 18:42:47,1,1,74
773,In eleifend quam a odio.,2021-02-15 05:31:56,1,5,113
774,Mauris sit amet eros.,2020-09-02 05:58:29,0,5,67
775,Etiam pretium iaculis justo.,2021-01-13 09:03:48,0,3,311
776,Mauris lacinia sapien quis libero.,2020-09-17 18:39:17,0,4,376
777,Nulla tempus.,2020-04-26 08:01:26,1,4,125
778,"Maecenas tristique, est et tempus semper, est quam pharetra magna, ac consequat metus sapien ut nunc.",2020-06-23 13:09:51,0,2,361
779,Ut tellus.,2020-08-14 05:55:54,1,3,332
780,In eleifend quam a odio.,2020-07-23 15:19:19,1,1,146
781,Praesent lectus.,2020-09-17 06:41:44,1,1,391
782,Donec dapibus.,2020-08-04 08:40:11,1,2,500
783,Nam tristique tortor eu pede.,2020-05-13 00:28:50,0,2,131
784,Nulla mollis molestie lorem.,2021-02-21 23:47:45,0,4,365
785,Donec semper sapien a libero.,2020-06-13 19:44:10,1,1,319
786,Morbi non lectus.,2020-07-31 22:39:14,0,3,68
787,Donec vitae nisi.,2020-10-27 17:26:10,0,5,181
788,Suspendisse potenti.,2021-01-01 06:23:44,0,3,226
789,Curabitur in libero ut massa volutpat convallis.,2020-07-27 10:07:05,1,1,17
790,Integer ac neque.,2021-02-15 21:05:47,0,1,26
791,"Quisque erat eros, viverra eget, congue eget, semper rutrum, nulla.",2020-09-14 15:34:39,1,4,80
792,In sagittis dui vel nisl.,2021-02-07 17:36:59,0,5,490
793,Sed sagittis.,2020-09-30 14:51:30,0,4,216
794,Phasellus id sapien in sapien iaculis congue.,2020-12-23 13:01:19,0,5,110
795,Donec ut dolor.,2020-11-07 03:36:20,1,2,281
796,Ut at dolor quis odio consequat varius.,2020-09-07 18:32:13,0,4,180
797,Nulla tempus.,2021-02-27 10:07:35,0,4,362
798,"Maecenas leo odio, condimentum id, luctus nec, molestie sed, justo.",2020-11-21 18:50:09,1,1,227
799,Curabitur gravida nisi at nibh.,2020-07-11 08:58:00,0,3,329
800,Nunc nisl.,2020-07-15 19:54:01,1,1,154
801,Proin at turpis a pede posuere nonummy.,2021-01-26 11:10:06,0,4,165
802,Phasellus in felis.,2020-12-05 16:57:10,0,4,225
803,Suspendisse potenti.,2020-12-12 18:49:26,0,3,202
804,Vestibulum ante ipsum primis in faucibus orci luctus et ultrices posuere cubilia Curae; Mauris viverra diam vitae quam.,2020-05-29 21:09:30,0,3,291
805,Nulla mollis molestie lorem.,2021-01-16 09:14:14,0,2,161
806,"In est risus, auctor sed, tristique in, tempus sit amet, sem.",2020-06-05 22:48:32,1,1,242
807,Duis aliquam convallis nunc.,2020-10-19 14:10:13,1,4,287
808,"Morbi vestibulum, velit id pretium iaculis, diam erat fermentum justo, nec condimentum neque sapien placerat ante.",2020-10-25 14:25:08,1,4,191
809,Phasellus in felis.,2021-01-14 16:14:51,0,4,190
810,Sed sagittis.,2020-09-19 09:46:21,0,2,219
811,Vivamus in felis eu sapien cursus vestibulum.,2020-07-15 18:20:07,1,5,233
812,Nullam varius.,2020-08-13 01:00:35,1,3,369
813,Suspendisse potenti.,2020-05-21 17:07:16,1,2,470
814,Curabitur gravida nisi at nibh.,2020-10-18 06:09:25,0,1,166
815,Pellentesque at nulla.,2020-05-18 07:52:01,0,2,484
816,"Maecenas leo odio, condimentum id, luctus nec, molestie sed, justo.",2020-11-05 13:02:20,0,4,412
817,"Vivamus metus arcu, adipiscing molestie, hendrerit at, vulputate vitae, nisl.",2021-01-25 04:05:50,1,5,179
818,Nullam sit amet turpis elementum ligula vehicula consequat.,2020-04-02 10:53:10,0,1,29
819,Nulla ut erat id mauris vulputate elementum.,2020-07-29 15:13:57,0,1,475
820,Vivamus vestibulum sagittis sapien.,2020-06-14 10:19:55,1,4,494
821,Nulla ut erat id mauris vulputate elementum.,2020-07-17 05:54:24,0,5,488
822,Etiam justo.,2020-08-17 19:00:31,1,5,42
823,Duis at velit eu est congue elementum.,2020-05-22 14:16:07,1,1,434
824,Donec posuere metus vitae ipsum.,2020-04-30 05:35:55,1,4,156
825,Integer non velit.,2020-04-02 08:49:11,0,1,369
826,"Cum sociis natoque penatibus et magnis dis parturient montes, nascetur ridiculus mus.",2020-07-21 11:23:51,1,4,124
827,Maecenas ut massa quis augue luctus tincidunt.,2021-01-18 03:25:25,0,5,52
828,Vivamus vestibulum sagittis sapien.,2020-12-04 20:02:47,0,1,486
829,In blandit ultrices enim.,2020-08-31 15:30:07,1,3,121
830,Nunc nisl.,2020-11-19 11:02:03,0,4,309
831,Aenean auctor gravida sem.,2020-05-20 18:20:10,0,2,281
832,Etiam vel augue.,2020-10-02 07:41:35,0,1,327
833,"Nam ultrices, libero non mattis pulvinar, nulla pede ullamcorper augue, a suscipit nulla elit ac nulla.",2020-04-07 05:15:16,0,4,235
834,"Maecenas tristique, est et tempus semper, est quam pharetra magna, ac consequat metus sapien ut nunc.",2020-12-24 02:45:25,1,1,469
835,Nulla mollis molestie lorem.,2020-12-12 02:14:56,0,5,270
836,"Proin leo odio, porttitor id, consequat in, consequat ut, nulla.",2021-01-07 08:45:42,1,1,383
837,Aliquam non mauris.,2020-12-23 15:30:34,1,2,447
838,"Fusce congue, diam id ornare imperdiet, sapien urna pretium nisl, ut volutpat sapien arcu sed augue.",2021-03-10 08:11:01,1,2,384
839,"Integer aliquet, massa id lobortis convallis, tortor risus dapibus augue, vel accumsan tellus nisi eu orci.",2020-07-30 02:17:02,0,3,168
840,Aenean sit amet justo.,2021-02-04 09:07:55,0,5,469
841,In hac habitasse platea dictumst.,2020-06-27 09:25:47,1,1,282
842,Sed ante.,2020-03-31 06:17:27,0,5,290
843,Donec vitae nisi.,2020-06-14 22:30:10,0,1,497
844,Suspendisse potenti.,2021-01-30 18:22:13,0,4,145
845,Morbi quis tortor id nulla ultrices aliquet.,2020-12-17 19:15:35,1,4,307
846,In hac habitasse platea dictumst.,2020-10-17 13:00:51,1,5,189
847,Nulla tempus.,2021-01-12 16:50:41,1,4,281
848,Nulla mollis molestie lorem.,2020-08-31 14:11:25,0,2,375
849,Proin eu mi.,2021-01-04 02:57:42,0,1,250
850,Praesent blandit.,2021-03-15 05:12:47,1,2,402
851,Maecenas rhoncus aliquam lacus.,2020-04-07 02:10:16,0,3,359
852,Vestibulum sed magna at nunc commodo placerat.,2021-02-24 06:53:51,0,2,184
853,Integer ac leo.,2020-09-04 00:09:09,0,4,388
854,Pellentesque viverra pede ac diam.,2020-09-24 03:56:29,0,2,268
855,Suspendisse potenti.,2021-02-12 21:44:49,0,5,34
856,Duis bibendum.,2021-02-08 00:49:49,0,3,320
857,Fusce posuere felis sed lacus.,2020-07-31 13:28:47,0,2,97
858,Morbi a ipsum.,2020-07-11 09:47:44,0,5,239
859,Etiam pretium iaculis justo.,2020-04-16 02:18:14,0,1,416
860,Aliquam non mauris.,2020-09-03 07:19:18,1,1,138
861,Cras non velit nec nisi vulputate nonummy.,2020-10-31 13:20:14,0,5,16
862,Morbi non quam nec dui luctus rutrum.,2020-04-12 20:03:08,0,4,68
863,In hac habitasse platea dictumst.,2020-05-18 07:35:13,1,2,266
864,Duis mattis egestas metus.,2021-01-11 06:14:15,0,2,59
865,Vestibulum ante ipsum primis in faucibus orci luctus et ultrices posuere cubilia Curae; Mauris viverra diam vitae quam.,2020-08-27 17:38:51,0,1,216
866,Morbi quis tortor id nulla ultrices aliquet.,2021-03-16 21:29:55,1,3,162
867,Quisque ut erat.,2020-08-23 08:14:38,0,5,320
868,Vestibulum ante ipsum primis in faucibus orci luctus et ultrices posuere cubilia Curae; Duis faucibus accumsan odio.,2021-03-23 12:39:49,0,1,32
869,"Morbi odio odio, elementum eu, interdum eu, tincidunt in, leo.",2020-06-11 01:13:27,0,2,452
870,"Proin leo odio, porttitor id, consequat in, consequat ut, nulla.",2021-02-26 21:38:13,1,3,326
871,Vivamus tortor.,2020-10-30 18:07:09,1,1,422
872,In hac habitasse platea dictumst.,2020-12-15 21:47:58,1,5,197
873,Aliquam sit amet diam in magna bibendum imperdiet.,2020-04-09 20:40:24,0,2,499
874,"Duis bibendum, felis sed interdum venenatis, turpis enim blandit mi, in porttitor pede justo eu massa.",2020-08-05 21:38:54,1,4,449
875,Mauris ullamcorper purus sit amet nulla.,2020-04-14 12:37:57,1,2,147
876,Cras in purus eu magna vulputate luctus.,2020-05-16 14:42:13,0,4,383
877,Fusce consequat.,2020-03-31 01:55:08,0,2,187
878,Mauris lacinia sapien quis libero.,2020-04-14 11:05:52,0,5,310
879,Phasellus in felis.,2020-12-16 01:32:39,1,1,198
880,Proin at turpis a pede posuere nonummy.,2021-01-29 07:16:30,1,1,65
881,Nulla ac enim.,2020-05-22 10:34:19,0,4,215
882,Duis consequat dui nec nisi volutpat eleifend.,2021-01-19 11:58:09,1,2,197
883,Morbi quis tortor id nulla ultrices aliquet.,2021-02-01 02:32:13,1,5,221
884,Morbi ut odio.,2020-04-26 05:30:25,0,3,96
885,"Nam ultrices, libero non mattis pulvinar, nulla pede ullamcorper augue, a suscipit nulla elit ac nulla.",2021-01-15 15:28:24,1,5,251
886,Etiam vel augue.,2021-03-08 08:37:15,1,1,170
887,Nulla justo.,2021-03-18 20:35:14,0,3,300
888,"Vestibulum ante ipsum primis in faucibus orci luctus et ultrices posuere cubilia Curae; Donec pharetra, magna vestibulum aliquet ultrices, erat tortor sollicitudin mi, sit amet lobortis sapien sapien non mi.",2020-08-02 14:12:19,0,5,279
889,Ut tellus.,2021-01-25 22:50:02,1,5,30
890,"Maecenas leo odio, condimentum id, luctus nec, molestie sed, justo.",2020-10-14 02:15:45,0,4,87
891,Aenean fermentum.,2020-11-28 06:03:23,1,4,324
892,Maecenas pulvinar lobortis est.,2021-03-16 23:58:15,1,5,413
893,"Vestibulum ante ipsum primis in faucibus orci luctus et ultrices posuere cubilia Curae; Donec pharetra, magna vestibulum aliquet ultrices, erat tortor sollicitudin mi, sit amet lobortis sapien sapien non mi.",2021-02-23 15:17:34,0,1,181
894,Aliquam non mauris.,2020-12-10 12:30:41,1,5,312
895,Ut tellus.,2021-03-13 08:33:10,1,1,256
896,Aenean lectus.,2021-01-03 17:39:16,0,2,173
897,Sed vel enim sit amet nunc viverra dapibus.,2021-02-11 11:01:31,1,5,206
898,Nulla ac enim.,2020-04-23 14:27:07,1,3,207
899,Aliquam quis turpis eget elit sodales scelerisque.,2020-09-20 22:58:45,1,5,172
900,Praesent blandit.,2020-04-12 16:54:12,0,3,412
901,In hac habitasse platea dictumst.,2020-04-16 01:02:48,1,4,161
902,Praesent id massa id nisl venenatis lacinia.,2020-09-30 20:24:16,0,2,346
903,Quisque ut erat.,2021-03-03 20:32:16,0,1,353
904,"Fusce congue, diam id ornare imperdiet, sapien urna pretium nisl, ut volutpat sapien arcu sed augue.",2020-11-27 00:31:01,0,4,197
905,"Fusce congue, diam id ornare imperdiet, sapien urna pretium nisl, ut volutpat sapien arcu sed augue.",2020-05-11 17:47:58,1,1,384
906,In hac habitasse platea dictumst.,2020-11-01 10:57:51,0,2,396
907,Praesent blandit.,2020-12-06 03:50:51,0,1,498
908,Nullam porttitor lacus at turpis.,2021-02-07 05:40:48,0,5,235
909,Nullam porttitor lacus at turpis.,2020-07-14 05:02:53,0,4,58
910,Morbi ut odio.,2020-04-26 13:39:01,1,2,129
911,Quisque ut erat.,2020-08-31 04:04:48,1,3,77
912,In congue.,2020-05-02 01:40:57,0,2,412
913,In congue.,2020-10-07 04:03:08,0,1,65
914,Duis mattis egestas metus.,2021-03-11 22:09:06,0,3,434
915,Morbi vel lectus in quam fringilla rhoncus.,2020-12-21 01:08:41,1,1,389
916,"Vestibulum quam sapien, varius ut, blandit non, interdum in, ante.",2020-06-09 06:39:17,1,2,11
917,Curabitur at ipsum ac tellus semper interdum.,2020-09-18 14:48:17,0,1,239
918,Aliquam sit amet diam in magna bibendum imperdiet.,2020-09-21 22:47:02,1,4,128
919,Quisque ut erat.,2021-01-15 20:39:26,0,3,485
920,In sagittis dui vel nisl.,2020-06-22 20:29:03,1,2,429
921,Quisque id justo sit amet sapien dignissim vestibulum.,2020-05-26 15:16:06,1,5,115
922,"Lorem ipsum dolor sit amet, consectetuer adipiscing elit.",2020-08-17 19:50:26,1,2,24
923,Nulla tellus.,2020-12-26 19:10:28,0,5,480
924,Quisque ut erat.,2020-06-02 13:39:58,1,2,443
925,Aliquam sit amet diam in magna bibendum imperdiet.,2021-02-25 00:50:34,0,1,16
926,Vestibulum ante ipsum primis in faucibus orci luctus et ultrices posuere cubilia Curae; Duis faucibus accumsan odio.,2020-04-27 04:45:34,1,1,414
927,Morbi non quam nec dui luctus rutrum.,2020-07-08 09:10:21,1,4,120
928,Nulla tellus.,2021-02-18 17:54:14,1,3,117
929,Aliquam erat volutpat.,2020-04-07 21:12:06,0,5,157
930,"Nam congue, risus semper porta volutpat, quam pede lobortis ligula, sit amet eleifend pede libero quis orci.",2020-05-01 10:35:33,1,2,159
931,Integer ac neque.,2020-11-17 07:10:08,0,4,299
932,Vivamus vel nulla eget eros elementum pellentesque.,2020-05-09 13:01:05,0,2,378
933,Nam nulla.,2021-03-04 19:51:09,0,4,63
934,Vivamus tortor.,2021-03-27 07:26:47,1,5,143
935,Donec ut mauris eget massa tempor convallis.,2020-06-07 01:46:25,0,2,429
936,Pellentesque viverra pede ac diam.,2020-07-15 02:48:36,0,2,473
937,Praesent blandit.,2020-05-23 08:11:10,1,5,19
938,In eleifend quam a odio.,2020-12-25 07:12:45,0,2,475
939,Proin at turpis a pede posuere nonummy.,2020-12-12 14:24:19,1,3,251
940,Fusce posuere felis sed lacus.,2021-03-27 04:57:11,1,1,83
941,Duis ac nibh.,2020-09-23 16:40:08,1,4,35
942,"Maecenas tristique, est et tempus semper, est quam pharetra magna, ac consequat metus sapien ut nunc.",2020-04-06 18:57:31,1,3,481
943,Cras pellentesque volutpat dui.,2021-01-25 05:04:16,0,4,370
944,Etiam faucibus cursus urna.,2020-09-19 06:59:24,1,2,181
945,"Integer aliquet, massa id lobortis convallis, tortor risus dapibus augue, vel accumsan tellus nisi eu orci.",2020-09-13 07:56:26,0,5,317
946,Pellentesque viverra pede ac diam.,2020-09-21 02:35:14,0,4,197
947,Pellentesque viverra pede ac diam.,2021-02-10 04:35:43,1,3,268
948,Pellentesque viverra pede ac diam.,2021-02-20 05:23:11,1,2,354
949,Integer tincidunt ante vel ipsum.,2021-01-21 05:27:38,1,5,77
950,Phasellus in felis.,2020-06-07 13:59:01,1,5,15
951,Nulla justo.,2020-04-13 12:25:39,1,5,42
952,In hac habitasse platea dictumst.,2020-10-13 08:46:58,0,5,276
953,"In tempor, turpis nec euismod scelerisque, quam turpis adipiscing lorem, vitae mattis nibh ligula nec sem.",2020-10-12 17:48:38,1,5,267
954,"Vestibulum ante ipsum primis in faucibus orci luctus et ultrices posuere cubilia Curae; Donec pharetra, magna vestibulum aliquet ultrices, erat tortor sollicitudin mi, sit amet lobortis sapien sapien non mi.",2020-11-06 02:13:50,1,4,93
955,"Vestibulum quam sapien, varius ut, blandit non, interdum in, ante.",2020-04-09 14:21:26,0,5,218
956,Aenean lectus.,2021-02-11 06:00:39,0,1,431
957,Quisque ut erat.,2020-11-18 18:53:41,0,1,374
958,Phasellus id sapien in sapien iaculis congue.,2021-01-12 01:03:04,1,1,68
959,Nulla ut erat id mauris vulputate elementum.,2020-08-07 13:27:41,1,4,289
960,Suspendisse ornare consequat lectus.,2020-06-05 18:27:06,0,1,11
961,Integer non velit.,2020-04-25 18:46:56,0,1,80
962,Fusce posuere felis sed lacus.,2020-05-20 07:53:59,0,2,400
963,"Duis bibendum, felis sed interdum venenatis, turpis enim blandit mi, in porttitor pede justo eu massa.",2020-09-20 22:33:48,1,4,150
964,Morbi quis tortor id nulla ultrices aliquet.,2021-02-07 15:33:45,1,2,205
965,Mauris lacinia sapien quis libero.,2020-07-26 18:22:10,1,5,185
966,Nulla mollis molestie lorem.,2020-07-09 03:17:15,1,5,271
967,Sed accumsan felis.,2020-11-01 08:08:14,0,3,153
968,Nulla ut erat id mauris vulputate elementum.,2020-11-19 13:05:43,1,3,368
969,Aliquam non mauris.,2020-12-17 06:54:16,1,5,252
970,Duis ac nibh.,2020-10-12 23:57:53,0,1,186
971,Pellentesque at nulla.,2021-02-11 16:05:14,0,2,50
972,Vivamus tortor.,2020-12-12 00:29:17,0,1,419
973,Duis aliquam convallis nunc.,2020-07-10 00:43:27,0,2,472
974,Suspendisse potenti.,2020-04-18 23:04:13,0,2,171
975,Praesent blandit lacinia erat.,2020-09-10 21:08:20,1,3,370
976,Vestibulum ante ipsum primis in faucibus orci luctus et ultrices posuere cubilia Curae; Mauris viverra diam vitae quam.,2020-07-02 07:25:24,1,5,355
977,"Integer aliquet, massa id lobortis convallis, tortor risus dapibus augue, vel accumsan tellus nisi eu orci.",2020-08-22 04:58:31,0,1,310
978,Donec quis orci eget orci vehicula condimentum.,2020-06-12 22:36:46,1,1,56
979,"Mauris enim leo, rhoncus sed, vestibulum sit amet, cursus id, turpis.",2020-09-25 12:33:22,0,2,12
980,Suspendisse ornare consequat lectus.,2021-01-27 02:25:37,1,2,349
981,"Duis bibendum, felis sed interdum venenatis, turpis enim blandit mi, in porttitor pede justo eu massa.",2020-06-07 22:23:50,0,3,412
982,Sed vel enim sit amet nunc viverra dapibus.,2020-07-20 10:57:43,1,3,403
983,"Morbi sem mauris, laoreet ut, rhoncus aliquet, pulvinar sed, nisl.",2020-06-27 01:58:22,1,4,49
984,Sed accumsan felis.,2020-07-29 23:04:18,1,4,148
985,Suspendisse potenti.,2020-08-02 10:48:02,1,1,406
986,Nunc nisl.,2020-08-09 07:59:59,0,1,117
987,Suspendisse potenti.,2020-10-14 22:01:36,0,1,352
988,Morbi ut odio.,2021-02-04 02:58:15,0,1,74
989,Pellentesque viverra pede ac diam.,2020-05-24 05:50:37,0,1,282
990,"Nulla neque libero, convallis eget, eleifend luctus, ultricies eu, nibh.",2021-03-25 12:37:45,1,2,300
991,Suspendisse potenti.,2020-05-29 00:22:20,0,2,479
992,Nunc nisl.,2021-03-04 21:08:38,0,5,326
993,Vivamus tortor.,2020-05-29 05:49:08,1,3,37
994,Phasellus id sapien in sapien iaculis congue.,2020-08-31 07:16:22,1,4,75
995,"Donec odio justo, sollicitudin ut, suscipit a, feugiat et, eros.",2020-12-10 16:14:19,1,4,473
996,Donec semper sapien a libero.,2020-08-30 22:18:55,0,3,37
997,Maecenas ut massa quis augue luctus tincidunt.,2021-02-22 16:46:40,1,2,160
998,In quis justo.,2020-06-09 04:13:49,1,1,303
999,In congue.,2020-06-09 07:19:35,0,3,235
1000,In sagittis dui vel nisl.,2020-12-25 05:05:08,0,3,88
